Data,Ano,Mes,Produto,Valor_Venda
2012-01-01,2012,1,DIESEL,2.0277636986301353
2012-01-01,2012,1,DIESEL S50,2.0835454545454546
2012-01-01,2012,1,ETANOL,1.8735150798343876
2012-01-01,2012,1,GASOLINA,2.6466347517730533
2012-01-01,2012,1,GNV,1.3776513761467903
2012-02-01,2012,2,DIESEL,2.026552155771905
2012-02-01,2012,2,DIESEL S50,2.005
2012-02-01,2012,2,ETANOL,1.8014955423476824
2012-02-01,2012,2,GASOLINA,2.630559851301121
2012-02-01,2012,2,GNV,1.3777826086956533
2012-03-01,2012,3,DIESEL,2.0173084702907675
2012-03-01,2012,3,DIESEL S50,2.0665
2012-03-01,2012,3,ETANOL,1.846092790387148
2012-03-01,2012,3,GASOLINA,2.6469479653102157
2012-03-01,2012,3,GNV,1.3851578947368426
2012-04-01,2012,4,DIESEL,2.0318184319119674
2012-04-01,2012,4,DIESEL S50,2.1232857142857147
2012-04-01,2012,4,ETANOL,1.8681274158911605
2012-04-01,2012,4,GASOLINA,2.6398025751073098
2012-04-01,2012,4,GNV,1.3690439560439573
2012-05-01,2012,5,DIESEL,2.018845435684643
2012-05-01,2012,5,DIESEL S50,2.1674166666666665
2012-05-01,2012,5,ETANOL,1.8221963365769636
2012-05-01,2012,5,GASOLINA,2.6221734401831736
2012-05-01,2012,5,GNV,1.382135922330098
2012-06-01,2012,6,DIESEL,2.030398071625344
2012-06-01,2012,6,DIESEL S50,2.1530000000000005
2012-06-01,2012,6,ETANOL,1.7857358625626258
2012-06-01,2012,6,GASOLINA,2.630064423765215
2012-06-01,2012,6,GNV,1.438097826086956
2012-07-01,2012,7,DIESEL,2.0574741602067137
2012-07-01,2012,7,DIESEL S50,2.1679090909090912
2012-07-01,2012,7,ETANOL,1.7451023936170231
2012-07-01,2012,7,GASOLINA,2.6126515957446843
2012-07-01,2012,7,GNV,1.479430769230769
2012-08-01,2012,8,DIESEL,2.102477116704801
2012-08-01,2012,8,DIESEL S50,2.1981282051282043
2012-08-01,2012,8,ETANOL,1.7215803298717225
2012-08-01,2012,8,GASOLINA,2.605125229077579
2012-08-01,2012,8,GNV,1.4812178217821772
2012-09-01,2012,9,DIESEL,2.1128765264586113
2012-09-01,2012,9,DIESEL S50,2.228054054054054
2012-09-01,2012,9,ETANOL,1.7325300429184525
2012-09-01,2012,9,GASOLINA,2.615691702432047
2012-09-01,2012,9,GNV,1.4927763157894731
2012-10-01,2012,10,DIESEL,2.116848989298448
2012-10-01,2012,10,DIESEL S50,2.2285375000000007
2012-10-01,2012,10,ETANOL,1.7259493819894076
2012-10-01,2012,10,GASOLINA,2.60659741024131
2012-10-01,2012,10,GNV,1.4929716981132064
2012-11-01,2012,11,DIESEL,2.1053656207366984
2012-11-01,2012,11,DIESEL S50,2.2244400000000013
2012-11-01,2012,11,ETANOL,1.7384795847750796
2012-11-01,2012,11,GASOLINA,2.605386583679112
2012-11-01,2012,11,GNV,1.4857142857142847
2012-12-01,2012,12,DIESEL,2.123539130434783
2012-12-01,2012,12,DIESEL S50,2.2308072289156633
2012-12-01,2012,12,ETANOL,1.8012004294917514
2012-12-01,2012,12,GASOLINA,2.62171152469578
2012-12-01,2012,12,GNV,1.5650476190476195
2013-01-01,2013,1,DIESEL,2.12566235294117
2013-01-01,2013,1,DIESEL S10,2.2493636363636367
2013-01-01,2013,1,ETANOL,1.8183924485125587
2013-01-01,2013,1,GASOLINA,2.628355263157886
2013-01-01,2013,1,GNV,1.583978947368421
2013-02-01,2013,2,DIESEL,2.2121340057636876
2013-02-01,2013,2,DIESEL S10,2.3402999999999996
2013-02-01,2013,2,ETANOL,1.8695557939913812
2013-02-01,2013,2,GASOLINA,2.739193848354785
2013-02-01,2013,2,GNV,1.5867368421052632
2013-03-01,2013,3,DIESEL,2.2750993883791977
2013-03-01,2013,3,DIESEL S10,2.404558620689657
2013-03-01,2013,3,ETANOL,1.9493842293906563
2013-03-01,2013,3,GASOLINA,2.753922580645152
2013-03-01,2013,3,GNV,1.5884659090909097
2013-04-01,2013,4,DIESEL,2.2966280323450055
2013-04-01,2013,4,DIESEL S10,2.4387589285714313
2013-04-01,2013,4,ETANOL,1.9518276291225538
2013-04-01,2013,4,GASOLINA,2.7493067828251263
2013-04-01,2013,4,GNV,1.590010101010101
2013-05-01,2013,5,DIESEL,2.2892681818181764
2013-05-01,2013,5,DIESEL S10,2.4416088888888923
2013-05-01,2013,5,ETANOL,1.8650761223161814
2013-05-01,2013,5,GASOLINA,2.7218244473342064
2013-05-01,2013,5,GNV,1.592794871794872
2013-06-01,2013,6,DIESEL,2.2861428571428495
2013-06-01,2013,6,DIESEL S10,2.4461270491803306
2013-06-01,2013,6,ETANOL,1.7511709585121622
2013-06-01,2013,6,GASOLINA,2.699436337625191
2013-06-01,2013,6,GNV,1.6635747126436777
2013-07-01,2013,7,DIESEL,2.2828784194528846
2013-07-01,2013,7,DIESEL S10,2.445604938271608
2013-07-01,2013,7,ETANOL,1.7447492844876917
2013-07-01,2013,7,GASOLINA,2.6951402404121274
2013-07-01,2013,7,GNV,1.6982058823529422
2013-08-01,2013,8,DIESEL,2.2821819852941108
2013-08-01,2013,8,DIESEL S10,2.432967346938779
2013-08-01,2013,8,ETANOL,1.7178632784538304
2013-08-01,2013,8,GASOLINA,2.674255197132624
2013-08-01,2013,8,GNV,1.6616216216216217
2013-09-01,2013,9,DIESEL,2.2770922787193912
2013-09-01,2013,9,DIESEL S10,2.4375594855305494
2013-09-01,2013,9,ETANOL,1.7131376604850246
2013-09-01,2013,9,GASOLINA,2.6760811965812077
2013-09-01,2013,9,GNV,1.6169523809523807
2013-10-01,2013,10,DIESEL,2.2802022292993573
2013-10-01,2013,10,DIESEL S10,2.437422043010756
2013-10-01,2013,10,ETANOL,1.7448802533102963
2013-10-01,2013,10,GASOLINA,2.684716753022444
2013-10-01,2013,10,GNV,1.6216224489795914
2013-11-01,2013,11,DIESEL,2.280920353982295
2013-11-01,2013,11,DIESEL S10,2.4285947521865925
2013-11-01,2013,11,ETANOL,1.771458124552598
2013-11-01,2013,11,GASOLINA,2.692596854896362
2013-11-01,2013,11,GNV,1.6130769230769233
2013-12-01,2013,12,DIESEL,2.414151574803149
2013-12-01,2013,12,DIESEL S10,2.59855604395605
2013-12-01,2013,12,ETANOL,1.8769870717517427
2013-12-01,2013,12,GASOLINA,2.800214470284222
2013-12-01,2013,12,GNV,1.6406103896103899
2014-01-01,2014,1,DIESEL,2.4258308823529378
2014-01-01,2014,1,DIESEL S10,2.604772631578948
2014-01-01,2014,1,ETANOL,1.903142946708425
2014-01-01,2014,1,GASOLINA,2.8030457393483497
2014-01-01,2014,1,GNV,1.7035555555555562
2014-02-01,2014,2,DIESEL,2.430653421633555
2014-02-01,2014,2,DIESEL S10,2.6153696145124754
2014-02-01,2014,2,ETANOL,1.935138153185368
2014-02-01,2014,2,GASOLINA,2.8002346208869655
2014-02-01,2014,2,GNV,1.7068227848101274
2014-03-01,2014,3,DIESEL,2.4371617977528106
2014-03-01,2014,3,DIESEL S10,2.625299568965521
2014-03-01,2014,3,ETANOL,2.0506655076495126
2014-03-01,2014,3,GASOLINA,2.860250868658754
2014-03-01,2014,3,GNV,1.696535211267606
2014-04-01,2014,4,DIESEL,2.4599168207024014
2014-04-01,2014,4,DIESEL S10,2.633423529411764
2014-04-01,2014,4,ETANOL,2.026645710928295
2014-04-01,2014,4,GASOLINA,2.859442748091577
2014-04-01,2014,4,GNV,1.7060879120879133
2014-07-01,2014,7,DIESEL,2.426272151898732
2014-07-01,2014,7,DIESEL S10,2.6211673881673763
2014-07-01,2014,7,ETANOL,1.845234042553163
2014-07-01,2014,7,GASOLINA,2.818931401537536
2014-07-01,2014,7,GNV,1.7289010989011009
2014-08-01,2014,8,DIESEL,2.4237089201877957
2014-08-01,2014,8,DIESEL S10,2.6203476562499985
2014-08-01,2014,8,ETANOL,1.8410880458124312
2014-08-01,2014,8,GASOLINA,2.8160064331665278
2014-08-01,2014,8,GNV,1.7401475409836071
2014-09-01,2014,9,DIESEL,2.419601895734602
2014-09-01,2014,9,DIESEL S10,2.6091936936936855
2014-09-01,2014,9,ETANOL,1.8298288804070983
2014-09-01,2014,9,GASOLINA,2.796744910941458
2014-09-01,2014,9,GNV,1.7434285714285715
2014-10-01,2014,10,DIESEL,2.419202325581398
2014-10-01,2014,10,DIESEL S10,2.6180545193687155
2014-10-01,2014,10,ETANOL,1.8153040152963482
2014-10-01,2014,10,GASOLINA,2.798166030534335
2014-10-01,2014,10,GNV,1.7469420289855075
2014-11-01,2014,11,DIESEL,2.4934240000000076
2014-11-01,2014,11,DIESEL S10,2.6883615384615385
2014-11-01,2014,11,ETANOL,1.8319663564781477
2014-11-01,2014,11,GASOLINA,2.8453884120171304
2014-11-01,2014,11,GNV,1.738030303030304
2014-12-01,2014,12,DIESEL,2.5122217194570178
2014-12-01,2014,12,DIESEL S10,2.728625148279952
2014-12-01,2014,12,ETANOL,1.8688357183743178
2014-12-01,2014,12,GASOLINA,2.861032608695623
2014-12-01,2014,12,GNV,1.7344939759036144
2015-01-01,2015,1,DIESEL,2.520476744186051
2015-01-01,2015,1,DIESEL S10,2.7327205438066415
2015-01-01,2015,1,ETANOL,1.913972740315607
2015-01-01,2015,1,GASOLINA,2.8778063127689713
2015-01-01,2015,1,GNV,1.7526610169491523
2015-02-01,2015,2,DIESEL,2.6829746192893333
2015-02-01,2015,2,DIESEL S10,2.884216326530598
2015-02-01,2015,2,ETANOL,2.0688612303290466
2015-02-01,2015,2,GASOLINA,3.1002904148783945
2015-02-01,2015,2,GNV,1.765636363636364
2015-03-01,2015,3,DIESEL,2.704897810218973
2015-03-01,2015,3,DIESEL S10,2.9039746987951593
2015-03-01,2015,3,ETANOL,2.0623485037406333
2015-03-01,2015,3,GASOLINA,3.1189501557632324
2015-03-01,2015,3,GNV,1.756153846153846
2015-04-01,2015,4,DIESEL,2.7022406947890807
2015-04-01,2015,4,DIESEL S10,2.9162516212710585
2015-04-01,2015,4,ETANOL,2.0127302204928443
2015-04-01,2015,4,GASOLINA,3.104813878080394
2015-04-01,2015,4,GNV,1.7538636363636364
2015-05-01,2015,5,DIESEL,2.6979699699699684
2015-05-01,2015,5,DIESEL S10,2.9125986301369684
2015-05-01,2015,5,ETANOL,1.9863951324266003
2015-05-01,2015,5,GASOLINA,3.0987401574803077
2015-05-01,2015,5,GNV,1.773978260869565
2015-06-01,2015,6,DIESEL,2.6901620879120873
2015-06-01,2015,6,DIESEL S10,2.9153590686274278
2015-06-01,2015,6,ETANOL,1.935223735408527
2015-06-01,2015,6,GASOLINA,3.074533031088066
2015-06-01,2015,6,GNV,1.8332923076923082
2015-07-01,2015,7,DIESEL,2.689139941690963
2015-07-01,2015,7,DIESEL S10,2.902758118700979
2015-07-01,2015,7,ETANOL,1.9038058860362863
2015-07-01,2015,7,GASOLINA,3.0655397620538216
2015-07-01,2015,7,GNV,1.8623125000000005
2015-08-01,2015,8,DIESEL,2.6938743961352656
2015-08-01,2015,8,DIESEL S10,2.897312138728312
2015-08-01,2015,8,ETANOL,1.8614178743961245
2015-08-01,2015,8,GASOLINA,3.0419528985507123
2015-08-01,2015,8,GNV,1.8750571428571428
2015-09-01,2015,9,DIESEL,2.722648275862069
2015-09-01,2015,9,DIESEL S10,2.912043037974683
2015-09-01,2015,9,ETANOL,1.9120730948678084
2015-09-01,2015,9,GASOLINA,3.0674494556765115
2015-09-01,2015,9,GNV,1.8987142857142854
2015-10-01,2015,10,DIESEL,2.8356666666666692
2015-10-01,2015,10,DIESEL S10,3.0096118012422437
2015-10-01,2015,10,ETANOL,2.2364368932038756
2015-10-01,2015,10,GASOLINA,3.268933980582517
2015-10-01,2015,10,GNV,1.9157200000000003
2015-11-01,2015,11,DIESEL,2.8900862068965525
2015-11-01,2015,11,DIESEL S10,3.0803869047619075
2015-11-01,2015,11,ETANOL,2.454253411306043
2015-11-01,2015,11,GASOLINA,3.4105380116958997
2015-11-01,2015,11,GNV,1.9474285714285715
2015-12-01,2015,12,DIESEL,2.902561538461541
2015-12-01,2015,12,DIESEL S10,3.1061322505800484
2015-12-01,2015,12,ETANOL,2.534795950155758
2015-12-01,2015,12,GASOLINA,3.485961180124216
2015-12-01,2015,12,GNV,1.9273125000000002
2016-01-01,2016,1,DIESEL,2.8970000000000007
2016-01-01,2016,1,DIESEL S10,3.114545197740116
2016-01-01,2016,1,ETANOL,2.5877937743190644
2016-01-01,2016,1,GASOLINA,3.486603112840464
2016-01-01,2016,1,GNV,1.9409199999999998
2016-02-01,2016,2,DIESEL,2.8971981981981987
2016-02-01,2016,2,DIESEL S10,3.113164222873904
2016-02-01,2016,2,ETANOL,2.657815533980584
2016-02-01,2016,2,GASOLINA,3.5063572815533908
2016-02-01,2016,2,GNV,1.935413793103448
2016-03-01,2016,3,DIESEL,2.9069230769230785
2016-03-01,2016,3,DIESEL S10,3.1293761261261306
2016-03-01,2016,3,ETANOL,2.7235357142857044
2016-03-01,2016,3,GASOLINA,3.536190993788816
2016-03-01,2016,3,GNV,1.9468064516129029
2016-04-01,2016,4,DIESEL,2.8733357664233563
2016-04-01,2016,4,DIESEL S10,3.0844681440443256
2016-04-01,2016,4,ETANOL,2.492023255813953
2016-04-01,2016,4,GASOLINA,3.482943689320384
2016-04-01,2016,4,GNV,1.9475714285714285
2016-05-01,2016,5,DIESEL,2.8894107142857144
2016-05-01,2016,5,DIESEL S10,3.1086282051282077
2016-05-01,2016,5,ETANOL,2.2139195979899498
2016-05-01,2016,5,GASOLINA,3.434428810720257
2016-05-01,2016,5,GNV,1.9250645161290327
2016-06-01,2016,6,DIESEL,2.8888814814814823
2016-06-01,2016,6,DIESEL S10,3.0961820512820566
2016-06-01,2016,6,ETANOL,2.244526785714276
2016-06-01,2016,6,GASOLINA,3.4140107142857024
2016-06-01,2016,6,GNV,1.9688648648648657
2016-07-01,2016,7,DIESEL,2.8927727272727277
2016-07-01,2016,7,DIESEL S10,3.0948736263736287
2016-07-01,2016,7,ETANOL,2.1781922330097077
2016-07-01,2016,7,GASOLINA,3.371345631067954
2016-07-01,2016,7,GNV,1.9758000000000004
2016-08-01,2016,8,DIESEL,2.876715517241382
2016-08-01,2016,8,DIESEL S10,3.108931279620854
2016-08-01,2016,8,ETANOL,2.237061056105604
2016-08-01,2016,8,GASOLINA,3.393750825082498
2016-08-01,2016,8,GNV,1.9743030303030311
2016-09-01,2016,9,DIESEL,2.8787647058823533
2016-09-01,2016,9,DIESEL S10,3.1256294416243677
2016-09-01,2016,9,ETANOL,2.282381555153695
2016-09-01,2016,9,GASOLINA,3.408824275362312
2016-09-01,2016,9,GNV,1.9913793103448278
2016-10-01,2016,10,DIESEL,2.881517241379313
2016-10-01,2016,10,DIESEL S10,3.070519607843133
2016-10-01,2016,10,ETANOL,2.482682675814752
2016-10-01,2016,10,GASOLINA,3.39136192109776
2016-10-01,2016,10,GNV,1.9915434782608696
2016-11-01,2016,11,DIESEL,2.866404761904765
2016-11-01,2016,11,DIESEL S10,3.1022246913580203
2016-11-01,2016,11,ETANOL,2.6384947916666692
2016-11-01,2016,11,GASOLINA,3.4572048611111015
2016-11-01,2016,11,GNV,2.0174166666666666
2016-12-01,2016,12,DIESEL,2.881516129032257
2016-12-01,2016,12,DIESEL S10,3.1557768817204224
2016-12-01,2016,12,ETANOL,2.6656097087378643
2016-12-01,2016,12,GASOLINA,3.535469902912613
2016-12-01,2016,12,GNV,2.002380952380953
2017-01-01,2017,1,DIESEL,2.9461500000000003
2017-01-01,2017,1,DIESEL S10,3.20800767263427
2017-01-01,2017,1,ETANOL,2.756653846153834
2017-01-01,2017,1,GASOLINA,3.5874926470588173
2017-01-01,2017,1,GNV,2.007148148148149
2017-02-01,2017,2,DIESEL,2.9753235294117637
2017-02-01,2017,2,DIESEL S10,3.225002785515318
2017-02-01,2017,2,ETANOL,2.747687378640767
2017-02-01,2017,2,GASOLINA,3.584308139534874
2017-02-01,2017,2,GNV,2.0060666666666673
2017-03-01,2017,3,DIESEL,2.927711711711712
2017-03-01,2017,3,DIESEL S10,3.163633410672852
2017-03-01,2017,3,ETANOL,2.5395180327868787
2017-03-01,2017,3,GASOLINA,3.4998062397372607
2017-03-01,2017,3,GNV,2.0021000000000004
2017-04-01,2017,4,DIESEL,2.9072285714285715
2017-04-01,2017,4,DIESEL S10,3.1519808743169375
2017-04-01,2017,4,ETANOL,2.398645348837202
2017-04-01,2017,4,GASOLINA,3.3960621359223224
2017-04-01,2017,4,GNV,2.034148148148148
2017-05-01,2017,5,DIESEL,2.892567999999999
2017-05-01,2017,5,DIESEL S10,3.12217782426778
2017-05-01,2017,5,ETANOL,2.3428506998444734
2017-05-01,2017,5,GASOLINA,3.3437034161490597
2017-05-01,2017,5,GNV,2.035885714285714
2017-06-01,2017,6,DIESEL,2.8993124999999993
2017-06-01,2017,6,DIESEL S10,3.123725067385444
2017-06-01,2017,6,ETANOL,2.2198307392996077
2017-06-01,2017,6,GASOLINA,3.2371922330097043
2017-06-01,2017,6,GNV,2.1147142857142858
2017-07-01,2017,7,DIESEL,2.9066250000000013
2017-07-01,2017,7,DIESEL S10,3.0973333333333355
2017-07-01,2017,7,ETANOL,2.208984435797666
2017-07-01,2017,7,GASOLINA,3.260013618677037
2017-07-01,2017,7,GNV,2.157931034482759
2017-08-01,2017,8,DIESEL,2.995637254901962
2017-08-01,2017,8,DIESEL S10,3.249202505219201
2017-08-01,2017,8,ETANOL,2.39140590979781
2017-08-01,2017,8,GASOLINA,3.5066143079315575
2017-08-01,2017,8,GNV,2.170795454545456
2017-09-01,2017,9,DIESEL,3.0650505050505052
2017-09-01,2017,9,DIESEL S10,3.2961406649616305
2017-09-01,2017,9,ETANOL,2.4281800391389408
2017-09-01,2017,9,GASOLINA,3.590894941634237
2017-09-01,2017,9,GNV,2.1844516129032265
2017-10-01,2017,10,DIESEL,3.147318181818183
2017-10-01,2017,10,DIESEL S10,3.3385959595959496
2017-10-01,2017,10,ETANOL,2.4740605590062104
2017-10-01,2017,10,GASOLINA,3.654847826086957
2017-10-01,2017,10,GNV,2.201717948717949
2017-11-01,2017,11,DIESEL,3.2409500000000016
2017-11-01,2017,11,DIESEL S10,3.425660377358492
2017-11-01,2017,11,ETANOL,2.6316478599221775
2017-11-01,2017,11,GASOLINA,3.784013618677025
2017-11-01,2017,11,GNV,2.1992812500000003
2017-12-01,2017,12,DIESEL,3.2255957446808514
2017-12-01,2017,12,DIESEL S10,3.4362804232804183
2017-12-01,2017,12,ETANOL,2.750211240310068
2017-12-01,2017,12,GASOLINA,3.881746124030998
2017-12-01,2017,12,GNV,2.2058181818181812
2018-01-01,2018,1,DIESEL,3.248827338129496
2018-01-01,2018,1,DIESEL S10,3.457652027027017
2018-01-01,2018,1,ETANOL,2.834105911330027
2018-01-01,2018,1,GASOLINA,3.9433288177339696
2018-01-01,2018,1,GNV,2.1953541666666667
2018-02-01,2018,2,DIESEL,3.2397249999999995
2018-02-01,2018,2,DIESEL S10,3.459129511677277
2018-02-01,2018,2,ETANOL,2.865429892141745
2018-02-01,2018,2,GASOLINA,3.954488514548221
2018-02-01,2018,2,GNV,2.2026097560975613
2018-03-01,2018,3,DIESEL,3.2504100719424462
2018-03-01,2018,3,DIESEL S10,3.4465573476702414
2018-03-01,2018,3,ETANOL,2.859969549330069
2018-03-01,2018,3,GASOLINA,3.9423410475030245
2018-03-01,2018,3,GNV,2.1861132075471703
2018-04-01,2018,4,DIESEL,3.3096165413533827
2018-04-01,2018,4,DIESEL S10,3.491899999999991
2018-04-01,2018,4,ETANOL,2.7795577190542318
2018-04-01,2018,4,GASOLINA,3.979628650904017
2018-04-01,2018,4,GNV,2.1855799999999994
2018-05-01,2018,5,DIESEL,3.5015819672131157
2018-05-01,2018,5,DIESEL S10,3.6696988636363606
2018-05-01,2018,5,ETANOL,2.5959875690607674
2018-05-01,2018,5,GASOLINA,4.052325068870517
2018-05-01,2018,5,GNV,2.209707317073171
2018-06-01,2018,6,DIESEL,3.272534351145038
2018-06-01,2018,6,DIESEL S10,3.4134804687499987
2018-06-01,2018,6,ETANOL,2.7599481792717007
2018-06-01,2018,6,GASOLINA,4.29405329593267
2018-06-01,2018,6,GNV,2.2109565217391314
2018-07-01,2018,7,DIESEL,3.2486991150442477
2018-07-01,2018,7,DIESEL S10,3.3914258911819855
2018-07-01,2018,7,ETANOL,2.5595076495131996
2018-07-01,2018,7,GASOLINA,4.216294692737418
2018-07-01,2018,7,GNV,2.2109800000000006
2018-08-01,2018,8,DIESEL,3.2382335766423362
2018-08-01,2018,8,DIESEL S10,3.3895441389290815
2018-08-01,2018,8,ETANOL,2.420742222222212
2018-08-01,2018,8,GASOLINA,4.169569521690749
2018-08-01,2018,8,GNV,2.213283018867925
2018-09-01,2018,9,DIESEL,3.470188976377953
2018-09-01,2018,9,DIESEL S10,3.6332677902621713
2018-09-01,2018,9,ETANOL,2.613282336578577
2018-09-01,2018,9,GASOLINA,4.376150208623069
2018-09-01,2018,9,GNV,2.199217391304349
2018-10-01,2018,10,DIESEL,3.5609568965517244
2018-10-01,2018,10,DIESEL S10,3.7143454545454486
2018-10-01,2018,10,ETANOL,2.72841986754966
2018-10-01,2018,10,GASOLINA,4.447736423841042
2018-10-01,2018,10,GNV,2.201073170731708
2018-11-01,2018,11,DIESEL,3.5181148648648635
2018-11-01,2018,11,DIESEL S10,3.6886630602782007
2018-11-01,2018,11,ETANOL,2.725440324449585
2018-11-01,2018,11,GASOLINA,4.305893271461694
2018-11-01,2018,11,GNV,2.205547169811321
2018-12-01,2018,12,DIESEL,3.3059272727272733
2018-12-01,2018,12,DIESEL S10,3.5539590643274783
2018-12-01,2018,12,ETANOL,2.6273337969401966
2018-12-01,2018,12,GASOLINA,4.099289290681483
2018-12-01,2018,12,GNV,2.1827567567567563
2019-01-01,2019,1,DIESEL,3.2509624060150357
2019-01-01,2019,1,DIESEL S10,3.5012163461538424
2019-01-01,2019,1,ETANOL,2.611304008908674
2019-01-01,2019,1,GASOLINA,4.0126510590858215
2019-01-01,2019,1,GNV,2.2014901960784314
2019-02-01,2019,2,DIESEL,3.236858585858586
2019-02-01,2019,2,DIESEL S10,3.4722058823529345
2019-02-01,2019,2,ETANOL,2.578987430167597
2019-02-01,2019,2,GASOLINA,3.9330909090908905
2019-02-01,2019,2,GNV,2.7999999999999994
2019-03-01,2019,3,DIESEL,3.381028846153847
2019-03-01,2019,3,DIESEL S10,3.5546041275797298
2019-03-01,2019,3,ETANOL,2.7937055555555412
2019-03-01,2019,3,GASOLINA,4.016702513966467
2019-03-01,2019,3,GNV,2.8295102040816325
2019-04-01,2019,4,DIESEL,3.4129038461538466
2019-04-01,2019,4,DIESEL S10,3.584074554294971
2019-04-01,2019,4,ETANOL,2.820914032869771
2019-04-01,2019,4,GASOLINA,4.134297331639125
2019-04-01,2019,4,GNV,2.7728636363636365
2019-05-01,2019,5,DIESEL,3.4828307692307705
2019-05-01,2019,5,DIESEL S10,3.6352365930599286
2019-05-01,2019,5,ETANOL,2.7601183574879165
2019-05-01,2019,5,GASOLINA,4.205142509135196
2019-05-01,2019,5,GNV,2.7380181818181826
2019-06-01,2019,6,DIESEL,3.429434782608694
2019-06-01,2019,6,DIESEL S10,3.6179059674502576
2019-06-01,2019,6,ETANOL,2.5904847222222105
2019-06-01,2019,6,GASOLINA,4.1470363636363485
2019-06-01,2019,6,GNV,2.9431282051282053
2019-07-01,2019,7,DIESEL,3.398894736842106
2019-07-01,2019,7,DIESEL S10,3.585748447204958
2019-07-01,2019,7,ETANOL,2.5544461009174237
2019-07-01,2019,7,GASOLINA,4.0801134259259
2019-07-01,2019,7,GNV,2.9547924528301874
2019-08-01,2019,8,DIESEL,3.401248000000002
2019-08-01,2019,8,DIESEL S10,3.5535930434782466
2019-08-01,2019,8,ETANOL,2.6103266398929006
2019-08-01,2019,8,GASOLINA,4.0447716216216
2019-08-01,2019,8,GNV,2.9378235294117654
2019-09-01,2019,9,DIESEL,3.4748151260504194
2019-09-01,2019,9,DIESEL S10,3.6439317343173356
2019-09-01,2019,9,ETANOL,2.619698744769869
2019-09-01,2019,9,GASOLINA,4.066890140845058
2019-09-01,2019,9,GNV,2.935770833333333
2019-10-01,2019,10,DIESEL,3.585333333333336
2019-10-01,2019,10,DIESEL S10,3.757380386329853
2019-10-01,2019,10,ETANOL,2.6656227678571365
2019-10-01,2019,10,GASOLINA,4.120173228346444
2019-10-01,2019,10,GNV,2.9204912280701762
2019-11-01,2019,11,DIESEL,3.574278260869567
2019-11-01,2019,11,DIESEL S10,3.7550930656934245
2019-11-01,2019,11,ETANOL,2.7666536312849064
2019-11-01,2019,11,GASOLINA,4.156543417366941
2019-11-01,2019,11,GNV,2.8844250000000002
2019-12-01,2019,12,DIESEL,3.6281680000000023
2019-12-01,2019,12,DIESEL S10,3.795391104294469
2019-12-01,2019,12,ETANOL,2.973880371660852
2019-12-01,2019,12,GASOLINA,4.327639671361481
2019-12-01,2019,12,GNV,2.927895833333334
2020-01-01,2020,1,DIESEL,3.691881889763781
2020-01-01,2020,1,DIESEL S10,3.8466666666666547
2020-01-01,2020,1,ETANOL,3.076185185185183
2020-01-01,2020,1,GASOLINA,4.411935914552715
2020-01-01,2020,1,GNV,2.9676222222222224
2020-02-01,2020,2,DIESEL,3.603000000000001
2020-02-01,2020,2,DIESEL S10,3.7840587155963217
2020-02-01,2020,2,ETANOL,3.0620749999999948
2020-02-01,2020,2,GASOLINA,4.384075524475513
2020-02-01,2020,2,GNV,2.9484523809523817
2020-03-01,2020,3,DIESEL,3.4167588652482275
2020-03-01,2020,3,DIESEL S10,3.6391102484471896
2020-03-01,2020,3,ETANOL,2.965844290657427
2020-03-01,2020,3,GASOLINA,4.25387006960555
2020-03-01,2020,3,GNV,2.923203703703704
2020-04-01,2020,4,DIESEL,3.1787812500000037
2020-04-01,2020,4,DIESEL S10,3.431183745583032
2020-04-01,2020,4,ETANOL,2.5459867197875115
2020-04-01,2020,4,GASOLINA,3.887743658210939
2020-04-01,2020,4,GNV,2.9123000000000006
2020-05-01,2020,5,DIESEL,2.980379310344828
2020-05-01,2020,5,DIESEL S10,3.2428992673992614
2020-05-01,2020,5,ETANOL,2.3527819444444367
2020-05-01,2020,5,GASOLINA,3.7033286713286677
2020-05-01,2020,5,GNV,2.8857692307692324
2020-06-01,2020,6,DIESEL,3.0359333333333343
2020-06-01,2020,6,DIESEL S10,3.2630032414910803
2020-06-01,2020,6,ETANOL,2.4739963369963256
2020-06-01,2020,6,GASOLINA,3.8230675675675467
2020-06-01,2020,6,GNV,2.8127966101694923
2020-07-01,2020,7,DIESEL,3.169336134453784
2020-07-01,2020,7,DIESEL S10,3.358684124386237
2020-07-01,2020,7,ETANOL,2.526938749999993
2020-07-01,2020,7,GASOLINA,3.9352286432160604
2020-07-01,2020,7,GNV,2.7387500000000005
2020-08-01,2020,8,DIESEL,3.2324157303370793
2020-08-01,2020,8,DIESEL S10,3.4290370370370336
2020-08-01,2020,8,ETANOL,2.547870370370365
2020-08-01,2020,8,GASOLINA,4.017378731343277
2020-08-01,2020,8,GNV,2.686789473684211
2020-10-01,2020,10,DIESEL,3.358473684210527
2020-10-01,2020,10,DIESEL S10,3.5626363636363636
2020-10-01,2020,10,ETANOL,2.873586510263933
2020-10-01,2020,10,GASOLINA,4.20597321428571
2020-10-01,2020,10,GASOLINA ADITIVADA,4.45993581081081
2020-10-01,2020,10,GNV,2.7174
2020-11-01,2020,11,DIESEL,3.3994495412844046
2020-11-01,2020,11,DIESEL S10,3.571301270417417
2020-11-01,2020,11,ETANOL,2.968986431478959
2020-11-01,2020,11,GASOLINA,4.209579092159542
2020-11-01,2020,11,GASOLINA ADITIVADA,4.429938622754485
2020-11-01,2020,11,GNV,2.6469655172413797
2020-12-01,2020,12,DIESEL,3.522233333333334
2020-12-01,2020,12,DIESEL S10,3.6600359281436976
2020-12-01,2020,12,ETANOL,3.0312608695652
2020-12-01,2020,12,GASOLINA,4.2387854588796
2020-12-01,2020,12,GASOLINA ADITIVADA,4.460113281249992
2020-12-01,2020,12,GNV,2.820904109589042
2021-01-01,2021,1,DIESEL,3.6156213592233013
2021-01-01,2021,1,DIESEL S10,3.7660087412587337
2021-01-01,2021,1,ETANOL,3.0713071528751645
2021-01-01,2021,1,GASOLINA,4.359806543385486
2021-01-01,2021,1,GASOLINA ADITIVADA,4.587454833597443
2021-01-01,2021,1,GNV,2.8652878787878793
2021-02-01,2021,2,DIESEL,3.869020833333336
2021-02-01,2021,2,DIESEL S10,3.985879790940756
2021-02-01,2021,2,ETANOL,3.269726638772656
2021-02-01,2021,2,GASOLINA,4.657466760961789
2021-02-01,2021,2,GASOLINA ADITIVADA,4.904395199999984
2021-02-01,2021,2,GNV,2.879920634920635
2021-03-01,2021,3,DIESEL,4.188421052631579
2021-03-01,2021,3,DIESEL S10,4.330915134370568
2021-03-01,2021,3,ETANOL,3.8530604026845494
2021-03-01,2021,3,GASOLINA,5.256316326530586
2021-03-01,2021,3,GASOLINA ADITIVADA,5.494806615776059
2021-03-01,2021,3,GNV,2.992661764705883
2021-04-01,2021,4,DIESEL,4.123200000000003
2021-04-01,2021,4,DIESEL S10,4.286665420560739
2021-04-01,2021,4,ETANOL,3.6117093373493883
2021-04-01,2021,4,GASOLINA,5.248969465648835
2021-04-01,2021,4,GASOLINA ADITIVADA,5.502573630136975
2021-04-01,2021,4,GNV,3.0124137931034496
2021-05-01,2021,5,DIESEL,4.424684210526316
2021-05-01,2021,5,DIESEL S10,4.541680327868847
2021-05-01,2021,5,ETANOL,4.062672158154851
2021-05-01,2021,5,GASOLINA,5.378859271523168
2021-05-01,2021,5,GASOLINA ADITIVADA,5.650322641509412
2021-05-01,2021,5,GNV,3.0414576271186453
2021-06-01,2021,6,DIESEL,4.40823275862069
2021-06-01,2021,6,DIESEL S10,4.547218849840244
2021-06-01,2021,6,ETANOL,4.162093469910346
2021-06-01,2021,6,GASOLINA,5.390406209573082
2021-06-01,2021,6,GASOLINA ADITIVADA,5.632703649635013
2021-06-01,2021,6,GNV,3.1788769230769223
2021-07-01,2021,7,DIESEL,4.463589743589744
2021-07-01,2021,7,DIESEL S10,4.619967602591779
2021-07-01,2021,7,ETANOL,4.105125435540058
2021-07-01,2021,7,GASOLINA,5.4683397548161015
2021-07-01,2021,7,GASOLINA ADITIVADA,5.72009072978302
2021-07-01,2021,7,GNV,3.1893518518518515
2021-08-01,2021,8,DIESEL,4.495194805194805
2021-08-01,2021,8,DIESEL S10,4.6360091407678174
2021-08-01,2021,8,ETANOL,4.247119940029977
2021-08-01,2021,8,GASOLINA,5.580113293051352
2021-08-01,2021,8,GASOLINA ADITIVADA,5.830374787052792
2021-08-01,2021,8,GNV,3.20917857142857
2021-09-01,2021,9,DIESEL,4.599753246753247
2021-09-01,2021,9,DIESEL S10,4.745790650406492
2021-09-01,2021,9,ETANOL,4.483151565074123
2021-09-01,2021,9,GASOLINA,5.745652317880786
2021-09-01,2021,9,GASOLINA ADITIVADA,5.997730483271367
2021-09-01,2021,9,GNV,3.633428571428571
2021-10-01,2021,10,DIESEL,4.93149295774648
2021-10-01,2021,10,DIESEL S10,5.069321348314596
2021-10-01,2021,10,ETANOL,4.703965517241367
2021-10-01,2021,10,GASOLINA,6.0284426229507995
2021-10-01,2021,10,GASOLINA ADITIVADA,6.2951467505240934
2021-10-01,2021,10,GNV,3.6670175438596484
2021-11-01,2021,11,DIESEL,5.237842696629213
2021-11-01,2021,11,DIESEL S10,5.4081471135940316
2021-11-01,2021,11,ETANOL,5.2251061285500615
2021-11-01,2021,11,GASOLINA,6.420731927710836
2021-11-01,2021,11,GASOLINA ADITIVADA,6.696748700173287
2021-11-01,2021,11,GNV,3.7069253731343266
2021-12-01,2021,12,DIESEL,5.232189473684211
2021-12-01,2021,12,DIESEL S10,5.378764814814801
2021-12-01,2021,12,ETANOL,4.9998020989505
2021-12-01,2021,12,GASOLINA,6.392753012048184
2021-12-01,2021,12,GASOLINA ADITIVADA,6.651852233676959
2021-12-01,2021,12,GNV,4.0724927536231865
